"Applied Critical Mass Original, 6KG (25 Servings)","55g Protein 154g Carbohydrate 8.4g Fat Bổ sung axit béo thiết yếu (EFA’s), đốt mỡ CLA & MCT Lượng Calo, protein và carbohydrate cao trong mỗi lần dùng Tinh bột từ ngô sáp Bỗ sung L-Glutamine Sản phẩm được chứng nh...",Sữa Tăng Cân
"Beyond Isolate - Ultra Premium Whey Protein Isolate, 1.9 Lbs (30 Servings)",100% Whey Protein Isolate Antibiotic và Hormone-Free 26g Protein 0 Sugar; Carb và Fat chỉ 1g Nguồn sữa bò chăn thả tự nhiên,Whey Protein Power
"Perfect Sport HULK Clean Mass Gainer, 10 Lbs (4.54KG)",1030 Calories 50g Protein tăng cơ nạc chất lượng Tỷ lệ Carb: Protein là 3.5:1 Lượng đường cực thấp Cung cấp chất béo tốt 14 loại Vitamin & Khoáng chất Không Lactose và Gluten,Sữa Tăng Cân
"MusclePharm BCAA 3:1:2, 240 Capsules",6G BCAAs Tỉ lệ BCAAs 3:1:2 Hỗ trợ phục hồi cơ bắp Phát triển cơ bắp nạc Tăng hiệu suất tập luyện,Hiệu Suất Tập Luyện
"Nutricost Psyllium Husk Capsules, 500mg - 500 Capsules","1 viên = 500mg Psyllium Husk (Vỏ mã đề) Chất xơ hòa tan hút nước trong ruột Hỗ trợ tiêu hóa khỏe mạnh Ngăn ngừa táo bón, tiêu chảy Thúc đẩy nhu động ruột khỏe mạnh Duy trì sức khỏe h...",Sức Khỏe Toàn Diện
"NOW Real Tea, Organic Matcha Green Tea Powder (85g) - 85 Servings","100% Organic chuẩn USDA 16mg caffeine trong 1g Chuẩn Matcha Nhật Gần như không Carb & Calo Có vị đắng nhẹ và hậu vị ngọt Pha uống, làm bánh, đắp mặt Hỗ trợ giảm cân tốt hơn Giàu chất chố...",Hỗ Trợ Giảm Mỡ
"JYM Supplement Science ZMA JYM, 90 Vegetarian Capsules","30mg Kẽm 450mg Magiê 10,5mg Vitamin B6 5mg BioPerine",Testosteron Booster
Harbinger PolyPro Dip Belt With Chain,Harbinger PolyPro Dip Belt With Chain,Phụ Kiện Thể Thao
"Yến mạch Quaker Oats Old Fashion, 10 Lbs (4.54 kg)",150 Calories 27g Carbohydrate 5g Protein 0g Cholesterol 10lbs / 2bags,Chất Xơ
âsssssss,string,Chất Xơ
Nhân viên bán vé,sdfdsf,Chất Xơ
Nhân viên bán vé,sdfdsf,Chất Xơ
Men Tăng Trưởng,Men Tăng Trưởng,Phụ Kiện Thể Thao
"Dymatize ISO 100 - 5 Lbs (2,27 kg)",25g Hydrolyzed 100% Whey Protein Isolate 5.5g BCAAs 2.7g L-Leucine 0g Fat Không Gluten và không Lactose,Whey Protein Power
"ON Whey Gold Standard 100% Whey Protein, 5 Lbs",Bán chạy nhất thế giới 9 năm liên tiếp 24G Protein 5.5G BCAA 4G Glutamine Đa dạng mùi vị để lựa chọn,Whey Protein Power
"Applied Diet Whey Protein, 1 KG (40 Servings)",Hỗ trợ xây dựng và duy trì cơ bắp Phát triển cơ bắp tốt hơn khi cung cấp thêm AstraGin Tăng tốc độ phục hồi của cơ bắp sau mỗi buổi tập Hương vị thơm ngon dễ uống Kiểm soát chế độ ăn kiêng t...,Whey Protein Power
"Scitec 100% Whey Protein Professional, 2350 Gams (78 Servings)","Scitec 100% Whey Protein Professional, 2350 Gams (78 Servings)",Whey Protein Power
"Nutrabolics Hydropure 4.5 Lbs, 58 Servings","100% Hydrolyzed Whey Protein 28g Hydrolyzed Whey Protein 13g EAA 5,9g BCAA Không chứa Lactose, Cholesterol, Gluten, Sugar  Đạt chứng chỉ HACCP, GMP, ISO, HALA",Whey Protein Power
"ON Platinum Hydrowhey, 3.5 Lbs (1.59 kg)","30G Whey Protein Siêu Tinh Khiết 15.5G EAAs tổng hợp Protein phát triển cơ bắp 8.8G BCAA gia tăng sức bền tập luyện Không chứa Lactose, Cholesterol, Gluten và Sugar Bổ sung Enzyme hỗ trợ hấp thu tốt hơn",Whey Protein Power
"AllMax IsoFlex 5Lbs (2,27 kg)",27G Whey Protein Isolate  0G Fat / 0G Sugar / 0G chất xơ  6G BCAA và 4.6G Glutamine  Cung cấp Enzyme hỗ trợ tiêu hóa tốt hơn,Whey Protein Power
"MuscleTech NITRO-TECH, 10 Lbs (4,54 Kg)",CTKM: FREESHIP TOÀN QUỐC + QUÀ TẶNG 30G Protein 3G Creatine Monohydrate 6.9G BCAA 5.3G Glutamine,Whey Protein Power
ON Gold Standard 100% Whey Protein 10 Lbs (4.54 kg),CTKM: FREESHIP TOÀN QUỐC + QUÀ TẶNG Bán chạy nhất thế giới 9 năm liên tiếp  24G Protein  5.5G BCAA 4G Glutamine  Đa dạng mùi vị để lựa chọn,Whey Protein Power
"EliteLab Mass Muscle Gainer, 10 Lbs (4.6 KG)",1000 Calories 60g Protein xây dựng phát triển cơ nạc 174G Carb chất lượng cao 5g Creatine Monohydradate 5G BCAA 100 mg Enzyme Lactase,Sữa Tăng Cân
Nutrabolics Mass Fusion 12Lbs (5.44 Kg),950 Calories  50g Protein  175g Carbohydrate 11.9g EAA  Hỗ trợ tăng cân hiệu quả Hạn chế tăng mỡ,Sữa Tăng Cân
"Kevin Levrone Anabolic Mass, 3 Kg (30 Servings)",438 kcal 54g Carbohydrate 48g Protein  3600mg Taurine  1872mg DAA 1800mg HMB  1800mg Creatine Monohydrate 1200mg L-Arginine 360mg Fenugreek Extract (Chiết xuất cỏ cà ri),Sữa Tăng Cân
"Mutant Mass XXXTreme 2500, 22 Lbs (10 Kg)","2540 calo 92g Protein 38,7g EAA 20,3g BCAA 17,3g Glutamin & Acid Glutamic Acid Béo thiết yếu",Sữa Tăng Cân
MuscleTech 100% Premium Mass Gainer 12 Lbs (5.4 KG),Sữa tăng cân hãng MuscleTech 53G Protein chất lượng cao nuôi cơ 8 tiếng 1290 Kcal giúp hỗ trợ tăng cân hiệu quả 260g Carb hấp thụ nhanh cung cấp năng lượng Hàm lượng đường thấp 23 loạt Vitamin & Khoáng ch...,Sữa Tăng Cân
"PrimaForce Citrulline Malate, 200 Grams","2G Citrulline Malate tinh khiết Tăng khả năng lưu thông máu đến cơ bắp Tăng sức bền, phục hồi cơ bắp Giảm mệt mỏi, đau nhức cơ bắp Tăng khả năng cảm nhận cơ bắp, pump cơ tốt hơn",Hiệu Suất Tập Luyện
"Scitec Nutrition Pre-workout Hot Bood 3.0, 41 Servings",6 Complex Pre-workout Fomula Designed To Initiate Explosions In Your Muscles,Hiệu Suất Tập Luyện
"Cellucor C4 Original, 60 Servings",Caffeine Beta-Alanine Creatine Nitrate (NO3) Arginine AKG Methylcobalamin : Là Vitamin B12 ở trạng thái mạnh. Hỗ trợ chuyển hóa tế bào N-Acetyl-L-Tyrosine Hương vị thơm ngon và đa dạng cho người sử dụng lựa chọn vớ...,Hiệu Suất Tập Luyện
"My Protein Creatine Monohydrate, 500g",Increase Physical Performance Creatine With No Fillers Or Additives Supported Goal: Build Muscle Main Ingredient: Creatine Monohydrate,Hiệu Suất Tập Luyện
"Nutrex Outlift, 30 Servings (756 g)",8G Citrulline Malate 6G BCAA  3G Creatine  3.2G Beta-Alanine  350mg Caffeine 30 Serving / hộp,Hiệu Suất Tập Luyện
"NOW Magnesium Glycinate 200 mg with TRAACS, 180 Tablets","200mg Magnesium (từ 2000mg Magnesium Glycinate) Hấp thụ vào cơ thể dưới dạng axit amin Tốc độ & khả năng hấp thụ tốt hơn Không gây tác dụng phụ cho đường tiêu hóa Dạng viên, dễ sử dụng, ti...",Sức Khỏe Toàn Diện
"Applied Nutrition D3 3000IU, 90 Tablets",Cải thiện hệ miễn dịch trong cơ thể Điều tiết Calcium và Phosphate Tác động trực tiếp trong việc sản xuất Testosterone Hỗ trợ bảo vệ sức khỏe xương Tổng hợp Canxi trong cơ thể Cải thiện sức kh...,Sức Khỏe Toàn Diện
"Nutrex Lipo-6 Maximum Strength, 120 Liqui-Caps","Công thức kết hợp Caffeine khan, Synephrine, Guggulsterone và Yohimbine Tăng sinh nhiệt, tăng trao đổi chất Ngăn chặn thèm ăn Thúc đẩy chuyển hóa mỡ thừa thành năng lượng Tăng phân hủy chất be...",Hỗ Trợ Giảm Mỡ
"JYM Supplement Science Shred JYM - Fat Burner, 240 v-Capsules",1.5 grams (1500 milligrams) Acetyl-L-Carnitine 500 milligrams Green Tea Extract 200 milligrams Caffeine 500 milligrams L-Tyrosine 50 milligrams Capsimax® Cayenne Pepper Extract 20 milligrams Advantra Z® Synephrine,Hỗ Trợ Giảm Mỡ
"Nutrex Lipo-6 Black Hers Ultra Concentrate, 60 Black-Cap",Hỗ Trợ Giảm Mỡ Hiệu Quả Caffeine Anhydrous Theobromine Anhydrous Advantra Z-Citrus Aurantium Yohimbine HCL Rauwolscine,Hỗ Trợ Giảm Mỡ
"ProSupps L-Carnitine 3000mg, 31 Servings",3000mg L- carnitine Giúp chuyển chất béo thành năng lượng Hỗ trợ quá trình oxy hóa axit béo để tổng hợp ATP. Thúc đẩy năng lượng cho cơ bắp Tăng khối lượng cơ nạc,Hỗ Trợ Giảm Mỡ
"Nutrex Lipo 6 Rx, 60 Capsules",7 thành phần đốt mỡ hiệu quả cao Công thức Teacrine được kiểm định rõ ràng 60 viên / hộp Sử dụng trong 2 tháng,Hỗ Trợ Giảm Mỡ
"MuscleTech TEST HD, 90 Caplets",250mg Tribulus Extract  100mg Shilajit Extract 100mg Boron Citrate 50mg Broccoli Power 50Mg Stinging Nettle (Cây Tầm Xuân),Testosteron Booster
"PrimaForce ZMA, 180 Capsules","Kết hợp Kẽm, Magiê và Vitamin B6 Tăng sản sinh testosterol Hỗ trợ giấc ngủ Cải thiện tâm trạng Cải thiện sức mạnh cơ bắp",Testosteron Booster
"Repp Sports Turkesterone w/ Ashwagandha, 755 mg - 60 Capsules",650mg Ajuga Turkestanica (Std. 10% Turkesterone) 100mg Ashwagandha 5mg Black Pepper Extract Tăng cường hiệu suất tập luyện Tăng cường khả năng phát triển cơ nạc Hỗ trợ phục hồi cơ bắp Không yêu cầu quá trình PCT ...,Testosteron Booster
"Muscle Sport TEST Revolution, 90 Capsules",Hỗ trợ tăng testosterone tự nhiên và thúc đẩy môi trường xây dựng cơ bắp vượt trội Hỗ trợ tăng lưu thông testosterone Ngăn ngừa quá trình chuyển đổi testosterone thành estrogen Giúp ngăn chặn quá trình ...,Testosteron Booster
"Nutricost Turkesterone - Ajuga Turkestanica, 600 mg - 120 Capsules",600mg Turkesterone 10% Không biến đổi Gen  Không chứa Gluten  Không chứa đậu nành  Thành phần được kiểm định chất lượng bởi bên thứ 3  Hỗ trợ phát triển cơ nạc  Tăng cường khả năng phục hồi cơ b...,Testosteron Booster
"Đai lưng Gofit Leather Lifting Belt, 6 Inch","Comfortable and durable, the GoFit 6"" Leather Weightlifting Belt is the tool you need to protect your back and promote proper lifting.",Phụ Kiện Thể Thao
Harbinger Lifting Grips,Dây bảo vệ cổ tay và có tác dụng như dây trợ lực khi tập tạ. Chính hãng Harbinger.,Phụ Kiện Thể Thao
"Harbinger Training Grip Wristwrap Weightlifting Gloves, Black/Grey",Găng tay tập tạ chính hãng Harbinger,Phụ Kiện Thể Thao
"Harbinger Red Line Knee Wraps, 78'' (200 cm)","Dây quấn đầu gối chính hãng Harbinger hỗ trợ cố định đầu gối, giảm chấn thương khi tập luyện",Phụ Kiện Thể Thao
"Hero Series Shaker, PUNISHER Super Hero (860 ml)",PerfectShaker SuperHero Shaker Cup! World's 1st Superhero Shaker Bottle,Phụ Kiện Thể Thao
Smart Shaker Jay Cutler - Black & Purple 27 oz (810 ml),Nắp chống rò rỉ Nhựa cao cấp không chứa BPA Ngăn đựng bột chuyên dụng Ngăn đựng nước lên tới 600-800ml nước Ngăn đựng các loại thực phẩm bổ sung dạng viên có ngăn phân chia An toàn sử dụng trong...,Phụ Kiện Thể Thao
iShake Protein Funnel,"Now you can bring your favorite protein powder with you wherever you go. Simply attach the OnMyWhey carabiner to your keyring and bring it with you to work, the gym, or on the road.",Phụ Kiện Thể Thao
